Budget_ID,Project_ID,Project_Name,Cost_Category,Allocated_Budget,Actual_Spent,Remaining_Budget,Budget_Status,Variance_Percent,Last_Updated,Vendor,Purchase_Orders,Committed_Costs,Monthly_Spending,Risk_Level,Notes
B0001,PROJ001,Downtown Office Tower,Site Preparation,2000000.0,1591116.57,408883.43,Within Budget,-20.44,2025-09-19,Site Preparation Contractor Inc.,21,591990.45,"[{""month"": ""2024-01"", ""amount"": 144368.7}, {""month"": ""2024-01"", ""amount"": 218345.46}, {""month"": ""2024-03"", ""amount"": 116696.12}, {""month"": ""2024-03"", ""amount"": 236936.62}, {""month"": ""2024-04"", ""amount"": 74835.99}, {""month"": ""2024-05"", ""amount"": 171266.79}, {""month"": ""2024-06"", ""amount"": 180954.98}, {""month"": ""2024-07"", ""amount"": 125443.63}, {""month"": ""2024-08"", ""amount"": 111272.84}, {""month"": ""2024-09"", ""amount"": 199310.44}, {""month"": ""2024-10"", ""amount"": 69996.8}, {""month"": ""2024-11"", ""amount"": 128120.32}]",Low,Budget tracking for Site Preparation activities
B0002,PROJ001,Downtown Office Tower,Foundation,3750000.0,1924910.4,1825089.6,Within Budget,-48.67,2025-09-19,Foundation Contractor Inc.,15,544951.33,"[{""month"": ""2024-01"", ""amount"": 240414.4}, {""month"": ""2024-01"", ""amount"": 89276.84}, {""month"": ""2024-03"", ""amount"": 261555.76}, {""month"": ""2024-03"", ""amount"": 123695.96}, {""month"": ""2024-04"", ""amount"": 117305.63}, {""month"": ""2024-05"", ""amount"": 199545.82}, {""month"": ""2024-06"", ""amount"": 235351.31}, {""month"": ""2024-07"", ""amount"": 177912.03}, {""month"": ""2024-08"", ""amount"": 216517.33}, {""month"": ""2024-09"", ""amount"": 176026.05}, {""month"": ""2024-10"", ""amount"": 218948.2}, {""month"": ""2024-11"", ""amount"": 148560.66}]",Medium,Budget tracking for Foundation activities
B0003,PROJ001,Downtown Office Tower,Structural Steel,5000000.0,2855017.68,2144982.32,Within Budget,-42.9,2025-09-19,Structural Steel Contractor Inc.,12,1251950.63,"[{""month"": ""2024-01"", ""amount"": 160908.88}, {""month"": ""2024-01"", ""amount"": 190349.98}, {""month"": ""2024-03"", ""amount"": 227365.32}, {""month"": ""2024-03"", ""amount"": 397873.08}, {""month"": ""2024-04"", ""amount"": 227476.63}, {""month"": ""2024-05"", ""amount"": 135179.78}, {""month"": ""2024-06"", ""amount"": 196993.63}, {""month"": ""2024-07"", ""amount"": 392405.05}, {""month"": ""2024-08"", ""amount"": 179496.92}, {""month"": ""2024-09"", ""amount"": 367867.6}, {""month"": ""2024-10"", ""amount"": 337351.29}, {""month"": ""2024-11"", ""amount"": 302710.54}]",Low,Budget tracking for Structural Steel activities
B0004,PROJ001,Downtown Office Tower,Concrete,3000000.0,1673817.25,1326182.75,Within Budget,-44.21,2025-09-19,Concrete Contractor Inc.,9,606793.16,"[{""month"": ""2024-01"", ""amount"": 82663.66}, {""month"": ""2024-01"", ""amount"": 87529.45}, {""month"": ""2024-03"", ""amount"": 156587.11}, {""month"": ""2024-03"", ""amount"": 189853.91}, {""month"": ""2024-04"", ""amount"": 110807.25}, {""month"": ""2024-05"", ""amount"": 213692.07}, {""month"": ""2024-06"", ""amount"": 102952.2}, {""month"": ""2024-07"", ""amount"": 73272.99}, {""month"": ""2024-08"", ""amount"": 93506.33}, {""month"": ""2024-09"", ""amount"": 223704.7}, {""month"": ""2024-10"", ""amount"": 249615.59}, {""month"": ""2024-11"", ""amount"": 174903.42}]",High,Budget tracking for Concrete activities
B0005,PROJ001,Downtown Office Tower,MEP Systems,6250000.0,4726457.86,1523542.14,Within Budget,-24.38,2025-09-19,MEP Systems Contractor Inc.,14,634835.97,"[{""month"": ""2024-01"", ""amount"": 560697.02}, {""month"": ""2024-01"", ""amount"": 225868.56}, {""month"": ""2024-03"", ""amount"": 703703.12}, {""month"": ""2024-03"", ""amount"": 505651.06}, {""month"": ""2024-04"", ""amount"": 389113.95}, {""month"": ""2024-05"", ""amount"": 398641.51}, {""month"": ""2024-06"", ""amount"": 259482.92}, {""month"": ""2024-07"", ""amount"": 461552.55}, {""month"": ""2024-08"", ""amount"": 199421.63}, {""month"": ""2024-09"", ""amount"": 299646.94}, {""month"": ""2024-10"", ""amount"": 604994.7}, {""month"": ""2024-11"", ""amount"": 511969.63}]",Low,Budget tracking for MEP Systems activities
B0006,PROJ001,Downtown Office Tower,Interior Finishes,3000000.0,2771152.17,228847.83,Near Budget Limit,-7.63,2025-09-19,Interior Finishes Contractor Inc.,14,711443.72,"[{""month"": ""2024-01"", ""amount"": 160897.17}, {""month"": ""2024-01"", ""amount"": 220134.16}, {""month"": ""2024-03"", ""amount"": 397917.43}, {""month"": ""2024-03"", ""amount"": 354007.82}, {""month"": ""2024-04"", ""amount"": 346959.16}, {""month"": ""2024-05"", ""amount"": 118042.6}, {""month"": ""2024-06"", ""amount"": 406340.16}, {""month"": ""2024-07"", ""amount"": 133015.72}, {""month"": ""2024-08"", ""amount"": 314246.36}, {""month"": ""2024-09"", ""amount"": 129509.11}, {""month"": ""2024-10"", ""amount"": 350210.44}, {""month"": ""2024-11"", ""amount"": 284672.66}]",Medium,Budget tracking for Interior Finishes activities
B0007,PROJ001,Downtown Office Tower,Exterior Finishes,1250000.0,570963.61,679036.39,Within Budget,-54.32,2025-09-19,Exterior Finishes Contractor Inc.,14,189720.77,"[{""month"": ""2024-01"", ""amount"": 25720.44}, {""month"": ""2024-01"", ""amount"": 62708.94}, {""month"": ""2024-03"", ""amount"": 61713.59}, {""month"": ""2024-03"", ""amount"": 84839.66}, {""month"": ""2024-04"", ""amount"": 77046.84}, {""month"": ""2024-05"", ""amount"": 54436.51}, {""month"": ""2024-06"", ""amount"": 50343.96}, {""month"": ""2024-07"", ""amount"": 77342.93}, {""month"": ""2024-08"", ""amount"": 56515.66}, {""month"": ""2024-09"", ""amount"": 51204.08}, {""month"": ""2024-10"", ""amount"": 74269.3}, {""month"": ""2024-11"", ""amount"": 84070.87}]",Low,Budget tracking for Exterior Finishes activities
B0008,PROJ001,Downtown Office Tower,Equipment,750000.0,681970.55,68029.45,Near Budget Limit,-9.07,2025-09-19,Equipment Contractor Inc.,18,104770.18,"[{""month"": ""2024-01"", ""amount"": 41449.76}, {""month"": ""2024-01"", ""amount"": 83201.56}, {""month"": ""2024-03"", ""amount"": 88697.04}, {""month"": ""2024-03"", ""amount"": 74035.61}, {""month"": ""2024-04"", ""amount"": 42175.23}, {""month"": ""2024-05"", ""amount"": 31466.2}, {""month"": ""2024-06"", ""amount"": 81813.7}, {""month"": ""2024-07"", ""amount"": 44147.22}, {""month"": ""2024-08"", ""amount"": 79040.51}, {""month"": ""2024-09"", ""amount"": 67448.26}, {""month"": ""2024-10"", ""amount"": 80176.98}, {""month"": ""2024-11"", ""amount"": 77499.01}]",High,Budget tracking for Equipment activities
B0009,PROJ002,Riverside Apartments,Site Preparation,1440000.0,478770.19,961229.81,Within Budget,-66.75,2025-09-19,Site Preparation Contractor Inc.,19,215368.3,"[{""month"": ""2024-01"", ""amount"": 66534.3}, {""month"": ""2024-01"", ""amount"": 71746.98}, {""month"": ""2024-03"", ""amount"": 60745.91}, {""month"": ""2024-03"", ""amount"": 38600.57}, {""month"": ""2024-04"", ""amount"": 70081.09}, {""month"": ""2024-05"", ""amount"": 66822.07}, {""month"": ""2024-06"", ""amount"": 39716.2}, {""month"": ""2024-07"", ""amount"": 21795.67}, {""month"": ""2024-08"", ""amount"": 27827.82}, {""month"": ""2024-09"", ""amount"": 58179.6}, {""month"": ""2024-10"", ""amount"": 38685.55}, {""month"": ""2024-11"", ""amount"": 48525.77}]",Medium,Budget tracking for Site Preparation activities
B0010,PROJ002,Riverside Apartments,Foundation,2700000.0,2177342.83,522657.17,Within Budget,-19.36,2025-09-19,Foundation Contractor Inc.,23,276077.16,"[{""month"": ""2024-01"", ""amount"": 173962.42}, {""month"": ""2024-01"", ""amount"": 104375.57}, {""month"": ""2024-03"", ""amount"": 259256.22}, {""month"": ""2024-03"", ""amount"": 175034.42}, {""month"": ""2024-04"", ""amount"": 161679.28}, {""month"": ""2024-05"", ""amount"": 158850.3}, {""month"": ""2024-06"", ""amount"": 166766.49}, {""month"": ""2024-07"", ""amount"": 125459.12}, {""month"": ""2024-08"", ""amount"": 236790.49}, {""month"": ""2024-09"", ""amount"": 301643.52}, {""month"": ""2024-10"", ""amount"": 288209.64}, {""month"": ""2024-11"", ""amount"": 234390.42}]",Medium,Budget tracking for Foundation activities
B0011,PROJ002,Riverside Apartments,Structural Steel,3600000.0,1673779.82,1926220.18,Within Budget,-53.51,2025-09-19,Structural Steel Contractor Inc.,5,364503.54,"[{""month"": ""2024-01"", ""amount"": 96214.31}, {""month"": ""2024-01"", ""amount"": 90770.86}, {""month"": ""2024-03"", ""amount"": 108492.74}, {""month"": ""2024-03"", ""amount"": 139023.44}, {""month"": ""2024-04"", ""amount"": 111749.26}, {""month"": ""2024-05"", ""amount"": 170293.23}, {""month"": ""2024-06"", ""amount"": 136266.04}, {""month"": ""2024-07"", ""amount"": 110326.02}, {""month"": ""2024-08"", ""amount"": 194550.51}, {""month"": ""2024-09"", ""amount"": 158803.01}, {""month"": ""2024-10"", ""amount"": 220851.9}, {""month"": ""2024-11"", ""amount"": 93032.61}]",Medium,Budget tracking for Structural Steel activities
B0012,PROJ002,Riverside Apartments,Concrete,2160000.0,1899154.57,260845.43,Within Budget,-12.08,2025-09-19,Concrete Contractor Inc.,21,273014.67,"[{""month"": ""2024-01"", ""amount"": 250904.94}, {""month"": ""2024-01"", ""amount"": 219227.14}, {""month"": ""2024-03"", ""amount"": 265137.8}, {""month"": ""2024-03"", ""amount"": 278425.71}, {""month"": ""2024-04"", ""amount"": 122891.08}, {""month"": ""2024-05"", ""amount"": 277170.6}, {""month"": ""2024-06"", ""amount"": 149303.85}, {""month"": ""2024-07"", ""amount"": 207477.17}, {""month"": ""2024-08"", ""amount"": 152271.12}, {""month"": ""2024-09"", ""amount"": 208028.81}, {""month"": ""2024-10"", ""amount"": 265710.82}, {""month"": ""2024-11"", ""amount"": 244578.98}]",Medium,Budget tracking for Concrete activities
B0013,PROJ002,Riverside Apartments,MEP Systems,4500000.0,1763774.26,2736225.74,Within Budget,-60.81,2025-09-19,MEP Systems Contractor Inc.,21,1094019.31,"[{""month"": ""2024-01"", ""amount"": 211500.16}, {""month"": ""2024-01"", ""amount"": 239900.38}, {""month"": ""2024-03"", ""amount"": 243109.82}, {""month"": ""2024-03"", ""amount"": 234541.3}, {""month"": ""2024-04"", ""amount"": 76529.23}, {""month"": ""2024-05"", ""amount"": 90165.15}, {""month"": ""2024-06"", ""amount"": 248733.21}, {""month"": ""2024-07"", ""amount"": 203606.41}, {""month"": ""2024-08"", ""amount"": 181066.05}, {""month"": ""2024-09"", ""amount"": 181481.26}, {""month"": ""2024-10"", ""amount"": 123446.69}, {""month"": ""2024-11"", ""amount"": 227529.7}]",Medium,Budget tracking for MEP Systems activities
B0014,PROJ002,Riverside Apartments,Interior Finishes,2160000.0,859365.35,1300634.65,Within Budget,-60.21,2025-09-19,Interior Finishes Contractor Inc.,13,320636.46,"[{""month"": ""2024-01"", ""amount"": 112696.05}, {""month"": ""2024-01"", ""amount"": 109699.88}, {""month"": ""2024-03"", ""amount"": 125408.27}, {""month"": ""2024-03"", ""amount"": 126870.32}, {""month"": ""2024-04"", ""amount"": 75541.62}, {""month"": ""2024-05"", ""amount"": 55960.72}, {""month"": ""2024-06"", ""amount"": 82145.09}, {""month"": ""2024-07"", ""amount"": 113521.91}, {""month"": ""2024-08"", ""amount"": 72887.18}, {""month"": ""2024-09"", ""amount"": 95020.04}, {""month"": ""2024-10"", ""amount"": 87904.24}, {""month"": ""2024-11"", ""amount"": 80261.82}]",Medium,Budget tracking for Interior Finishes activities
B0015,PROJ002,Riverside Apartments,Exterior Finishes,900000.0,437038.17,462961.83,Within Budget,-51.44,2025-09-19,Exterior Finishes Contractor Inc.,22,123224.85,"[{""month"": ""2024-01"", ""amount"": 65099.62}, {""month"": ""2024-01"", ""amount"": 62032.14}, {""month"": ""2024-03"", ""amount"": 29127.14}, {""month"": ""2024-03"", ""amount"": 30023.03}, {""month"": ""2024-04"", ""amount"": 62585.42}, {""month"": ""2024-05"", ""amount"": 64481.01}, {""month"": ""2024-06"", ""amount"": 23343.88}, {""month"": ""2024-07"", ""amount"": 39003.36}, {""month"": ""2024-08"", ""amount"": 61641.78}, {""month"": ""2024-09"", ""amount"": 49673.51}, {""month"": ""2024-10"", ""amount"": 26767.26}, {""month"": ""2024-11"", ""amount"": 50491.6}]",Low,Budget tracking for Exterior Finishes activities
B0016,PROJ002,Riverside Apartments,Equipment,540000.0,476495.24,63504.76,Within Budget,-11.76,2025-09-19,Equipment Contractor Inc.,22,114095.09,"[{""month"": ""2024-01"", ""amount"": 62266.38}, {""month"": ""2024-01"", ""amount"": 51012.92}, {""month"": ""2024-03"", ""amount"": 32767.87}, {""month"": ""2024-03"", ""amount"": 52232.62}, {""month"": ""2024-04"", ""amount"": 25506.59}, {""month"": ""2024-05"", ""amount"": 48143.35}, {""month"": ""2024-06"", ""amount"": 23032.23}, {""month"": ""2024-07"", ""amount"": 65131.0}, {""month"": ""2024-08"", ""amount"": 56826.23}, {""month"": ""2024-09"", ""amount"": 46627.76}, {""month"": ""2024-10"", ""amount"": 20573.27}, {""month"": ""2024-11"", ""amount"": 36917.28}]",Low,Budget tracking for Equipment activities
B0017,PROJ003,Tech Campus Expansion,Site Preparation,2800000.0,1301215.2,1498784.8,Within Budget,-53.53,2025-09-19,Site Preparation Contractor Inc.,24,309237.03,"[{""month"": ""2024-01"", ""amount"": 140595.51}, {""month"": ""2024-01"", ""amount"": 158915.42}, {""month"": ""2024-03"", ""amount"": 165767.18}, {""month"": ""2024-03"", ""amount"": 119075.31}, {""month"": ""2024-04"", ""amount"": 184355.03}, {""month"": ""2024-05"", ""amount"": 105522.13}, {""month"": ""2024-06"", ""amount"": 92778.67}, {""month"": ""2024-07"", ""amount"": 187672.48}, {""month"": ""2024-08"", ""amount"": 110190.16}, {""month"": ""2024-09"", ""amount"": 122170.44}, {""month"": ""2024-10"", ""amount"": 86918.14}, {""month"": ""2024-11"", ""amount"": 194553.78}]",Medium,Budget tracking for Site Preparation activities
B0018,PROJ003,Tech Campus Expansion,Foundation,5250000.0,4043422.07,1206577.93,Within Budget,-22.98,2025-09-19,Foundation Contractor Inc.,8,777900.11,"[{""month"": ""2024-01"", ""amount"": 570906.05}, {""month"": ""2024-01"", ""amount"": 559590.1}, {""month"": ""2024-03"", ""amount"": 517162.21}, {""month"": ""2024-03"", ""amount"": 283875.09}, {""month"": ""2024-04"", ""amount"": 444293.55}, {""month"": ""2024-05"", ""amount"": 437277.11}, {""month"": ""2024-06"", ""amount"": 433317.21}, {""month"": ""2024-07"", ""amount"": 567425.08}, {""month"": ""2024-08"", ""amount"": 298149.39}, {""month"": ""2024-09"", ""amount"": 211180.32}, {""month"": ""2024-10"", ""amount"": 311219.59}, {""month"": ""2024-11"", ""amount"": 587853.11}]",Medium,Budget tracking for Foundation activities
B0019,PROJ003,Tech Campus Expansion,Structural Steel,7000000.0,3854140.22,3145859.78,Within Budget,-44.94,2025-09-19,Structural Steel Contractor Inc.,14,1345822.73,"[{""month"": ""2024-01"", ""amount"": 197212.75}, {""month"": ""2024-01"", ""amount"": 186423.49}, {""month"": ""2024-03"", ""amount"": 287161.3}, {""month"": ""2024-03"", ""amount"": 514046.08}, {""month"": ""2024-04"", ""amount"": 276095.04}, {""month"": ""2024-05"", ""amount"": 337246.38}, {""month"": ""2024-06"", ""amount"": 357611.4}, {""month"": ""2024-07"", ""amount"": 321442.79}, {""month"": ""2024-08"", ""amount"": 536688.51}, {""month"": ""2024-09"", ""amount"": 535985.65}, {""month"": ""2024-10"", ""amount"": 402951.54}, {""month"": ""2024-11"", ""amount"": 193991.13}]",High,Budget tracking for Structural Steel activities
B0020,PROJ003,Tech Campus Expansion,Concrete,4200000.0,1491464.76,2708535.24,Within Budget,-64.49,2025-09-19,Concrete Contractor Inc.,21,861818.52,"[{""month"": ""2024-01"", ""amount"": 192678.0}, {""month"": ""2024-01"", ""amount"": 99447.12}, {""month"": ""2024-03"", ""amount"": 83227.95}, {""month"": ""2024-03"", ""amount"": 111038.13}, {""month"": ""2024-04"", ""amount"": 159872.0}, {""month"": ""2024-05"", ""amount"": 78624.24}, {""month"": ""2024-06"", ""amount"": 65743.69}, {""month"": ""2024-07"", ""amount"": 137602.27}, {""month"": ""2024-08"", ""amount"": 108262.69}, {""month"": ""2024-09"", ""amount"": 82424.58}, {""month"": ""2024-10"", ""amount"": 127415.43}, {""month"": ""2024-11"", ""amount"": 121216.97}]",Low,Budget tracking for Concrete activities
B0021,PROJ003,Tech Campus Expansion,MEP Systems,8750000.0,7711898.5,1038101.5,Within Budget,-11.86,2025-09-19,MEP Systems Contractor Inc.,22,1335322.91,"[{""month"": ""2024-01"", ""amount"": 643855.96}, {""month"": ""2024-01"", ""amount"": 396171.89}, {""month"": ""2024-03"", ""amount"": 535854.55}, {""month"": ""2024-03"", ""amount"": 979652.14}, {""month"": ""2024-04"", ""amount"": 437025.08}, {""month"": ""2024-05"", ""amount"": 489669.5}, {""month"": ""2024-06"", ""amount"": 1038737.74}, {""month"": ""2024-07"", ""amount"": 968121.76}, {""month"": ""2024-08"", ""amount"": 807108.04}, {""month"": ""2024-09"", ""amount"": 614075.25}, {""month"": ""2024-10"", ""amount"": 744885.14}, {""month"": ""2024-11"", ""amount"": 497681.98}]",Medium,Budget tracking for MEP Systems activities
B0022,PROJ003,Tech Campus Expansion,Interior Finishes,4200000.0,2332719.83,1867280.17,Within Budget,-44.46,2025-09-19,Interior Finishes Contractor Inc.,16,778832.38,"[{""month"": ""2024-01"", ""amount"": 295756.4}, {""month"": ""2024-01"", ""amount"": 224911.97}, {""month"": ""2024-03"", ""amount"": 178701.76}, {""month"": ""2024-03"", ""amount"": 345210.14}, {""month"": ""2024-04"", ""amount"": 347750.51}, {""month"": ""2024-05"", ""amount"": 267680.05}, {""month"": ""2024-06"", ""amount"": 278491.69}, {""month"": ""2024-07"", ""amount"": 140959.63}, {""month"": ""2024-08"", ""amount"": 310408.45}, {""month"": ""2024-09"", ""amount"": 110197.9}, {""month"": ""2024-10"", ""amount"": 308976.71}, {""month"": ""2024-11"", ""amount"": 331135.92}]",Medium,Budget tracking for Interior Finishes activities
B0023,PROJ003,Tech Campus Expansion,Exterior Finishes,1750000.0,947035.22,802964.78,Within Budget,-45.88,2025-09-19,Exterior Finishes Contractor Inc.,10,523025.35,"[{""month"": ""2024-01"", ""amount"": 103790.04}, {""month"": ""2024-01"", ""amount"": 46121.55}, {""month"": ""2024-03"", ""amount"": 96899.5}, {""month"": ""2024-03"", ""amount"": 41160.5}, {""month"": ""2024-04"", ""amount"": 41169.42}, {""month"": ""2024-05"", ""amount"": 61761.33}, {""month"": ""2024-06"", ""amount"": 105470.31}, {""month"": ""2024-07"", ""amount"": 62116.12}, {""month"": ""2024-08"", ""amount"": 72747.1}, {""month"": ""2024-09"", ""amount"": 39654.57}, {""month"": ""2024-10"", ""amount"": 91979.36}, {""month"": ""2024-11"", ""amount"": 86728.09}]",Medium,Budget tracking for Exterior Finishes activities
B0024,PROJ003,Tech Campus Expansion,Equipment,1050000.0,439055.94,610944.06,Within Budget,-58.19,2025-09-19,Equipment Contractor Inc.,21,148557.06,"[{""month"": ""2024-01"", ""amount"": 41837.72}, {""month"": ""2024-01"", ""amount"": 42920.81}, {""month"": ""2024-03"", ""amount"": 19141.09}, {""month"": ""2024-03"", ""amount"": 28817.97}, {""month"": ""2024-04"", ""amount"": 22733.83}, {""month"": ""2024-05"", ""amount"": 53258.73}, {""month"": ""2024-06"", ""amount"": 51227.27}, {""month"": ""2024-07"", ""amount"": 34350.74}, {""month"": ""2024-08"", ""amount"": 22770.47}, {""month"": ""2024-09"", ""amount"": 43107.76}, {""month"": ""2024-10"", ""amount"": 57828.44}, {""month"": ""2024-11"", ""amount"": 46709.36}]",Low,Budget tracking for Equipment activities
B0025,PROJ004,Metro Hospital Wing,Site Preparation,3600000.0,1960804.6,1639195.4,Within Budget,-45.53,2025-09-19,Site Preparation Contractor Inc.,17,690156.15,"[{""month"": ""2024-01"", ""amount"": 289487.76}, {""month"": ""2024-01"", ""amount"": 155135.03}, {""month"": ""2024-03"", ""amount"": 211933.29}, {""month"": ""2024-03"", ""amount"": 293504.12}, {""month"": ""2024-04"", ""amount"": 214046.46}, {""month"": ""2024-05"", ""amount"": 135199.65}, {""month"": ""2024-06"", ""amount"": 275062.52}, {""month"": ""2024-07"", ""amount"": 208761.25}, {""month"": ""2024-08"", ""amount"": 247544.3}, {""month"": ""2024-09"", ""amount"": 263937.75}, {""month"": ""2024-10"", ""amount"": 195140.34}, {""month"": ""2024-11"", ""amount"": 151404.1}]",Low,Budget tracking for Site Preparation activities
B0026,PROJ004,Metro Hospital Wing,Foundation,6750000.0,5182128.89,1567871.11,Within Budget,-23.23,2025-09-19,Foundation Contractor Inc.,20,1488560.16,"[{""month"": ""2024-01"", ""amount"": 399616.13}, {""month"": ""2024-01"", ""amount"": 723571.39}, {""month"": ""2024-03"", ""amount"": 256994.28}, {""month"": ""2024-03"", ""amount"": 536742.78}, {""month"": ""2024-04"", ""amount"": 749037.04}, {""month"": ""2024-05"", ""amount"": 635992.95}, {""month"": ""2024-06"", ""amount"": 575370.08}, {""month"": ""2024-07"", ""amount"": 250671.78}, {""month"": ""2024-08"", ""amount"": 259055.77}, {""month"": ""2024-09"", ""amount"": 305474.28}, {""month"": ""2024-10"", ""amount"": 397174.77}, {""month"": ""2024-11"", ""amount"": 483161.51}]",Low,Budget tracking for Foundation activities
B0027,PROJ004,Metro Hospital Wing,Structural Steel,9000000.0,4965799.34,4034200.66,Within Budget,-44.82,2025-09-19,Structural Steel Contractor Inc.,9,1256346.24,"[{""month"": ""2024-01"", ""amount"": 528904.61}, {""month"": ""2024-01"", ""amount"": 254209.75}, {""month"": ""2024-03"", ""amount"": 658199.72}, {""month"": ""2024-03"", ""amount"": 314369.77}, {""month"": ""2024-04"", ""amount"": 526031.98}, {""month"": ""2024-05"", ""amount"": 652672.94}, {""month"": ""2024-06"", ""amount"": 641019.51}, {""month"": ""2024-07"", ""amount"": 520353.9}, {""month"": ""2024-08"", ""amount"": 603175.24}, {""month"": ""2024-09"", ""amount"": 539349.74}, {""month"": ""2024-10"", ""amount"": 612083.19}, {""month"": ""2024-11"", ""amount"": 283281.58}]",Low,Budget tracking for Structural Steel activities
B0028,PROJ004,Metro Hospital Wing,Concrete,5400000.0,3882005.73,1517994.27,Within Budget,-28.11,2025-09-19,Concrete Contractor Inc.,21,883733.38,"[{""month"": ""2024-01"", ""amount"": 464145.34}, {""month"": ""2024-01"", ""amount"": 555206.51}, {""month"": ""2024-03"", ""amount"": 337165.19}, {""month"": ""2024-03"", ""amount"": 335501.82}, {""month"": ""2024-04"", ""amount"": 493815.21}, {""month"": ""2024-05"", ""amount"": 480031.45}, {""month"": ""2024-06"", ""amount"": 376866.14}, {""month"": ""2024-07"", ""amount"": 189541.7}, {""month"": ""2024-08"", ""amount"": 357541.55}, {""month"": ""2024-09"", ""amount"": 482186.46}, {""month"": ""2024-10"", ""amount"": 269291.79}, {""month"": ""2024-11"", ""amount"": 419169.46}]",Medium,Budget tracking for Concrete activities
B0029,PROJ004,Metro Hospital Wing,MEP Systems,11250000.0,6074879.14,5175120.86,Within Budget,-46.0,2025-09-19,MEP Systems Contractor Inc.,15,1934756.94,"[{""month"": ""2024-01"", ""amount"": 567356.95}, {""month"": ""2024-01"", ""amount"": 456987.38}, {""month"": ""2024-03"", ""amount"": 829722.12}, {""month"": ""2024-03"", ""amount"": 332604.29}, {""month"": ""2024-04"", ""amount"": 493832.92}, {""month"": ""2024-05"", ""amount"": 686634.15}, {""month"": ""2024-06"", ""amount"": 791238.59}, {""month"": ""2024-07"", ""amount"": 440554.32}, {""month"": ""2024-08"", ""amount"": 615342.65}, {""month"": ""2024-09"", ""amount"": 270279.93}, {""month"": ""2024-10"", ""amount"": 756154.03}, {""month"": ""2024-11"", ""amount"": 560752.33}]",High,Budget tracking for MEP Systems activities
B0030,PROJ004,Metro Hospital Wing,Interior Finishes,5400000.0,2697311.55,2702688.45,Within Budget,-50.05,2025-09-19,Interior Finishes Contractor Inc.,5,1438810.59,"[{""month"": ""2024-01"", ""amount"": 270535.68}, {""month"": ""2024-01"", ""amount"": 395185.84}, {""month"": ""2024-03"", ""amount"": 148611.68}, {""month"": ""2024-03"", ""amount"": 254439.84}, {""month"": ""2024-04"", ""amount"": 132131.1}, {""month"": ""2024-05"", ""amount"": 289588.7}, {""month"": ""2024-06"", ""amount"": 216085.94}, {""month"": ""2024-07"", ""amount"": 263755.24}, {""month"": ""2024-08"", ""amount"": 216397.95}, {""month"": ""2024-09"", ""amount"": 396070.83}, {""month"": ""2024-10"", ""amount"": 307937.21}, {""month"": ""2024-11"", ""amount"": 196703.6}]",Medium,Budget tracking for Interior Finishes activities
B0031,PROJ004,Metro Hospital Wing,Exterior Finishes,2250000.0,2192338.24,57661.76,Near Budget Limit,-2.56,2025-09-19,Exterior Finishes Contractor Inc.,8,576184.68,"[{""month"": ""2024-01"", ""amount"": 273632.18}, {""month"": ""2024-01"", ""amount"": 109691.1}, {""month"": ""2024-03"", ""amount"": 124733.43}, {""month"": ""2024-03"", ""amount"": 92365.58}, {""month"": ""2024-04"", ""amount"": 215916.79}, {""month"": ""2024-05"", ""amount"": 284030.41}, {""month"": ""2024-06"", ""amount"": 198293.39}, {""month"": ""2024-07"", ""amount"": 152486.21}, {""month"": ""2024-08"", ""amount"": 129411.8}, {""month"": ""2024-09"", ""amount"": 119072.05}, {""month"": ""2024-10"", ""amount"": 310269.64}, {""month"": ""2024-11"", ""amount"": 148915.47}]",Medium,Budget tracking for Exterior Finishes activities
B0032,PROJ004,Metro Hospital Wing,Equipment,1350000.0,1361596.08,-11596.08,Over Budget,0.86,2025-09-19,Equipment Contractor Inc.,24,188518.39,"[{""month"": ""2024-01"", ""amount"": 186895.43}, {""month"": ""2024-01"", ""amount"": 78495.87}, {""month"": ""2024-03"", ""amount"": 66543.14}, {""month"": ""2024-03"", ""amount"": 116747.54}, {""month"": ""2024-04"", ""amount"": 151907.29}, {""month"": ""2024-05"", ""amount"": 141891.48}, {""month"": ""2024-06"", ""amount"": 164377.58}, {""month"": ""2024-07"", ""amount"": 101856.65}, {""month"": ""2024-08"", ""amount"": 123666.47}, {""month"": ""2024-09"", ""amount"": 115068.66}, {""month"": ""2024-10"", ""amount"": 164374.9}, {""month"": ""2024-11"", ""amount"": 135849.97}]",Low,Budget tracking for Equipment activities
B0033,PROJ005,Logistics Hub Warehouse,Site Preparation,960000.0,424751.75,535248.25,Within Budget,-55.76,2025-09-19,Site Preparation Contractor Inc.,7,126804.86,"[{""month"": ""2024-01"", ""amount"": 38360.58}, {""month"": ""2024-01"", ""amount"": 48171.75}, {""month"": ""2024-03"", ""amount"": 30137.04}, {""month"": ""2024-03"", ""amount"": 33828.44}, {""month"": ""2024-04"", ""amount"": 27153.0}, {""month"": ""2024-05"", ""amount"": 56403.19}, {""month"": ""2024-06"", ""amount"": 35366.9}, {""month"": ""2024-07"", ""amount"": 25164.37}, {""month"": ""2024-08"", ""amount"": 52257.9}, {""month"": ""2024-09"", ""amount"": 30235.55}, {""month"": ""2024-10"", ""amount"": 54333.5}, {""month"": ""2024-11"", ""amount"": 35946.63}]",Low,Budget tracking for Site Preparation activities
B0034,PROJ005,Logistics Hub Warehouse,Foundation,1800000.0,1323214.13,476785.87,Within Budget,-26.49,2025-09-19,Foundation Contractor Inc.,22,470509.04,"[{""month"": ""2024-01"", ""amount"": 123766.83}, {""month"": ""2024-01"", ""amount"": 84714.64}, {""month"": ""2024-03"", ""amount"": 69597.59}, {""month"": ""2024-03"", ""amount"": 91851.55}, {""month"": ""2024-04"", ""amount"": 149369.84}, {""month"": ""2024-05"", ""amount"": 188697.49}, {""month"": ""2024-06"", ""amount"": 192239.2}, {""month"": ""2024-07"", ""amount"": 178299.55}, {""month"": ""2024-08"", ""amount"": 61942.71}, {""month"": ""2024-09"", ""amount"": 167129.19}, {""month"": ""2024-10"", ""amount"": 65907.61}, {""month"": ""2024-11"", ""amount"": 194522.9}]",Low,Budget tracking for Foundation activities
B0035,PROJ005,Logistics Hub Warehouse,Structural Steel,2400000.0,2232130.25,167869.75,Near Budget Limit,-6.99,2025-09-19,Structural Steel Contractor Inc.,20,252564.79,"[{""month"": ""2024-01"", ""amount"": 293592.79}, {""month"": ""2024-01"", ""amount"": 305189.56}, {""month"": ""2024-03"", ""amount"": 122299.48}, {""month"": ""2024-03"", ""amount"": 108803.85}, {""month"": ""2024-04"", ""amount"": 250819.4}, {""month"": ""2024-05"", ""amount"": 147148.61}, {""month"": ""2024-06"", ""amount"": 132851.82}, {""month"": ""2024-07"", ""amount"": 189046.48}, {""month"": ""2024-08"", ""amount"": 209330.09}, {""month"": ""2024-09"", ""amount"": 219586.89}, {""month"": ""2024-10"", ""amount"": 232464.76}, {""month"": ""2024-11"", ""amount"": 295960.97}]",Low,Budget tracking for Structural Steel activities
B0036,PROJ005,Logistics Hub Warehouse,Concrete,1440000.0,1160455.16,279544.84,Within Budget,-19.41,2025-09-19,Concrete Contractor Inc.,23,392366.87,"[{""month"": ""2024-01"", ""amount"": 134911.56}, {""month"": ""2024-01"", ""amount"": 69811.07}, {""month"": ""2024-03"", ""amount"": 49275.59}, {""month"": ""2024-03"", ""amount"": 83709.24}, {""month"": ""2024-04"", ""amount"": 119446.69}, {""month"": ""2024-05"", ""amount"": 151054.42}, {""month"": ""2024-06"", ""amount"": 111530.52}, {""month"": ""2024-07"", ""amount"": 167460.01}, {""month"": ""2024-08"", ""amount"": 82541.72}, {""month"": ""2024-09"", ""amount"": 80576.58}, {""month"": ""2024-10"", ""amount"": 134261.66}, {""month"": ""2024-11"", ""amount"": 129239.38}]",Medium,Budget tracking for Concrete activities
B0037,PROJ005,Logistics Hub Warehouse,MEP Systems,3000000.0,2991222.77,8777.23,Near Budget Limit,-0.29,2025-09-19,MEP Systems Contractor Inc.,12,410257.32,"[{""month"": ""2024-01"", ""amount"": 252731.46}, {""month"": ""2024-01"", ""amount"": 317164.68}, {""month"": ""2024-03"", ""amount"": 170320.84}, {""month"": ""2024-03"", ""amount"": 361982.01}, {""month"": ""2024-04"", ""amount"": 163123.92}, {""month"": ""2024-05"", ""amount"": 308463.09}, {""month"": ""2024-06"", ""amount"": 330361.46}, {""month"": ""2024-07"", ""amount"": 422607.39}, {""month"": ""2024-08"", ""amount"": 175365.76}, {""month"": ""2024-09"", ""amount"": 336799.4}, {""month"": ""2024-10"", ""amount"": 258920.72}, {""month"": ""2024-11"", ""amount"": 419075.31}]",Medium,Budget tracking for MEP Systems activities
B0038,PROJ005,Logistics Hub Warehouse,Interior Finishes,1440000.0,1067301.76,372698.24,Within Budget,-25.88,2025-09-19,Interior Finishes Contractor Inc.,11,413267.27,"[{""month"": ""2024-01"", ""amount"": 49958.74}, {""month"": ""2024-01"", ""amount"": 50052.19}, {""month"": ""2024-03"", ""amount"": 130841.88}, {""month"": ""2024-03"", ""amount"": 68479.17}, {""month"": ""2024-04"", ""amount"": 116552.85}, {""month"": ""2024-05"", ""amount"": 104393.87}, {""month"": ""2024-06"", ""amount"": 81705.08}, {""month"": ""2024-07"", ""amount"": 51791.21}, {""month"": ""2024-08"", ""amount"": 108077.82}, {""month"": ""2024-09"", ""amount"": 137411.3}, {""month"": ""2024-10"", ""amount"": 82765.42}, {""month"": ""2024-11"", ""amount"": 116638.79}]",Medium,Budget tracking for Interior Finishes activities
B0039,PROJ005,Logistics Hub Warehouse,Exterior Finishes,600000.0,429320.81,170679.19,Within Budget,-28.45,2025-09-19,Exterior Finishes Contractor Inc.,11,90493.49,"[{""month"": ""2024-01"", ""amount"": 32582.42}, {""month"": ""2024-01"", ""amount"": 51232.47}, {""month"": ""2024-03"", ""amount"": 43642.8}, {""month"": ""2024-03"", ""amount"": 30135.49}, {""month"": ""2024-04"", ""amount"": 28875.67}, {""month"": ""2024-05"", ""amount"": 44339.85}, {""month"": ""2024-06"", ""amount"": 38304.24}, {""month"": ""2024-07"", ""amount"": 52745.49}, {""month"": ""2024-08"", ""amount"": 42372.98}, {""month"": ""2024-09"", ""amount"": 43124.58}, {""month"": ""2024-10"", ""amount"": 50601.36}, {""month"": ""2024-11"", ""amount"": 33581.86}]",High,Budget tracking for Exterior Finishes activities
B0040,PROJ005,Logistics Hub Warehouse,Equipment,360000.0,213346.21,146653.79,Within Budget,-40.74,2025-09-19,Equipment Contractor Inc.,16,50940.77,"[{""month"": ""2024-01"", ""amount"": 23364.8}, {""month"": ""2024-01"", ""amount"": 22744.67}, {""month"": ""2024-03"", ""amount"": 27036.17}, {""month"": ""2024-03"", ""amount"": 29258.99}, {""month"": ""2024-04"", ""amount"": 18143.6}, {""month"": ""2024-05"", ""amount"": 22723.84}, {""month"": ""2024-06"", ""amount"": 13523.8}, {""month"": ""2024-07"", ""amount"": 14215.88}, {""month"": ""2024-08"", ""amount"": 12490.04}, {""month"": ""2024-09"", ""amount"": 13047.95}, {""month"": ""2024-10"", ""amount"": 22918.77}, {""month"": ""2024-11"", ""amount"": 15480.5}]",High,Budget tracking for Equipment activities
B0041,PROJ006,University Science Center,Site Preparation,2240000.0,1733816.51,506183.49,Within Budget,-22.6,2025-09-19,Site Preparation Contractor Inc.,13,562893.2,"[{""month"": ""2024-01"", ""amount"": 247887.02}, {""month"": ""2024-01"", ""amount"": 169905.13}, {""month"": ""2024-03"", ""amount"": 243776.82}, {""month"": ""2024-03"", ""amount"": 108338.45}, {""month"": ""2024-04"", ""amount"": 166344.83}, {""month"": ""2024-05"", ""amount"": 194208.18}, {""month"": ""2024-06"", ""amount"": 124363.02}, {""month"": ""2024-07"", ""amount"": 166563.81}, {""month"": ""2024-08"", ""amount"": 81924.04}, {""month"": ""2024-09"", ""amount"": 260033.34}, {""month"": ""2024-10"", ""amount"": 91926.77}, {""month"": ""2024-11"", ""amount"": 150270.95}]",Medium,Budget tracking for Site Preparation activities
B0042,PROJ006,University Science Center,Foundation,4200000.0,3014812.86,1185187.14,Within Budget,-28.22,2025-09-19,Foundation Contractor Inc.,13,1138451.46,"[{""month"": ""2024-01"", ""amount"": 445535.77}, {""month"": ""2024-01"", ""amount"": 272923.02}, {""month"": ""2024-03"", ""amount"": 241961.8}, {""month"": ""2024-03"", ""amount"": 290888.84}, {""month"": ""2024-04"", ""amount"": 192615.79}, {""month"": ""2024-05"", ""amount"": 345317.54}, {""month"": ""2024-06"", ""amount"": 196668.51}, {""month"": ""2024-07"", ""amount"": 345995.6}, {""month"": ""2024-08"", ""amount"": 425992.25}, {""month"": ""2024-09"", ""amount"": 129628.07}, {""month"": ""2024-10"", ""amount"": 191833.11}, {""month"": ""2024-11"", ""amount"": 130116.35}]",High,Budget tracking for Foundation activities
B0043,PROJ006,University Science Center,Structural Steel,5600000.0,5104273.81,495726.19,Near Budget Limit,-8.85,2025-09-19,Structural Steel Contractor Inc.,23,1062553.35,"[{""month"": ""2024-01"", ""amount"": 564412.49}, {""month"": ""2024-01"", ""amount"": 373891.79}, {""month"": ""2024-03"", ""amount"": 240878.5}, {""month"": ""2024-03"", ""amount"": 220003.45}, {""month"": ""2024-04"", ""amount"": 610149.3}, {""month"": ""2024-05"", ""amount"": 318299.32}, {""month"": ""2024-06"", ""amount"": 419176.45}, {""month"": ""2024-07"", ""amount"": 688959.53}, {""month"": ""2024-08"", ""amount"": 467604.3}, {""month"": ""2024-09"", ""amount"": 748250.5}, {""month"": ""2024-10"", ""amount"": 386054.3}, {""month"": ""2024-11"", ""amount"": 299397.72}]",Medium,Budget tracking for Structural Steel activities
B0044,PROJ006,University Science Center,Concrete,3360000.0,3334699.18,25300.82,Near Budget Limit,-0.75,2025-09-19,Concrete Contractor Inc.,17,744125.34,"[{""month"": ""2024-01"", ""amount"": 477605.62}, {""month"": ""2024-01"", ""amount"": 276772.47}, {""month"": ""2024-03"", ""amount"": 337328.91}, {""month"": ""2024-03"", ""amount"": 323596.81}, {""month"": ""2024-04"", ""amount"": 398742.2}, {""month"": ""2024-05"", ""amount"": 223528.87}, {""month"": ""2024-06"", ""amount"": 322205.06}, {""month"": ""2024-07"", ""amount"": 275015.16}, {""month"": ""2024-08"", ""amount"": 298775.6}, {""month"": ""2024-09"", ""amount"": 159937.84}, {""month"": ""2024-10"", ""amount"": 322676.35}, {""month"": ""2024-11"", ""amount"": 499317.14}]",Medium,Budget tracking for Concrete activities
B0045,PROJ006,University Science Center,MEP Systems,7000000.0,2840702.02,4159297.98,Within Budget,-59.42,2025-09-19,MEP Systems Contractor Inc.,19,1772938.7,"[{""month"": ""2024-01"", ""amount"": 383521.07}, {""month"": ""2024-01"", ""amount"": 242307.21}, {""month"": ""2024-03"", ""amount"": 367633.09}, {""month"": ""2024-03"", ""amount"": 313405.66}, {""month"": ""2024-04"", ""amount"": 142703.8}, {""month"": ""2024-05"", ""amount"": 191938.14}, {""month"": ""2024-06"", ""amount"": 311208.52}, {""month"": ""2024-07"", ""amount"": 320746.68}, {""month"": ""2024-08"", ""amount"": 371170.37}, {""month"": ""2024-09"", ""amount"": 118547.91}, {""month"": ""2024-10"", ""amount"": 267852.43}, {""month"": ""2024-11"", ""amount"": 402444.54}]",Medium,Budget tracking for MEP Systems activities
B0046,PROJ006,University Science Center,Interior Finishes,3360000.0,2837296.06,522703.94,Within Budget,-15.56,2025-09-19,Interior Finishes Contractor Inc.,21,856582.61,"[{""month"": ""2024-01"", ""amount"": 276950.5}, {""month"": ""2024-01"", ""amount"": 277960.35}, {""month"": ""2024-03"", ""amount"": 217588.35}, {""month"": ""2024-03"", ""amount"": 124642.53}, {""month"": ""2024-04"", ""amount"": 141986.78}, {""month"": ""2024-05"", ""amount"": 290182.31}, {""month"": ""2024-06"", ""amount"": 211932.64}, {""month"": ""2024-07"", ""amount"": 123623.09}, {""month"": ""2024-08"", ""amount"": 171377.99}, {""month"": ""2024-09"", ""amount"": 250186.05}, {""month"": ""2024-10"", ""amount"": 399286.76}, {""month"": ""2024-11"", ""amount"": 408968.08}]",Medium,Budget tracking for Interior Finishes activities
B0047,PROJ006,University Science Center,Exterior Finishes,1400000.0,517370.92,882629.08,Within Budget,-63.04,2025-09-19,Exterior Finishes Contractor Inc.,10,220735.49,"[{""month"": ""2024-01"", ""amount"": 66837.53}, {""month"": ""2024-01"", ""amount"": 57417.81}, {""month"": ""2024-03"", ""amount"": 64792.66}, {""month"": ""2024-03"", ""amount"": 66697.61}, {""month"": ""2024-04"", ""amount"": 49597.6}, {""month"": ""2024-05"", ""amount"": 33184.71}, {""month"": ""2024-06"", ""amount"": 40257.43}, {""month"": ""2024-07"", ""amount"": 66794.45}, {""month"": ""2024-08"", ""amount"": 40387.36}, {""month"": ""2024-09"", ""amount"": 42212.65}, {""month"": ""2024-10"", ""amount"": 60359.48}, {""month"": ""2024-11"", ""amount"": 65911.33}]",Medium,Budget tracking for Exterior Finishes activities
B0048,PROJ006,University Science Center,Equipment,840000.0,648952.19,191047.81,Within Budget,-22.74,2025-09-19,Equipment Contractor Inc.,12,195735.44,"[{""month"": ""2024-01"", ""amount"": 83504.27}, {""month"": ""2024-01"", ""amount"": 77367.67}, {""month"": ""2024-03"", ""amount"": 44142.09}, {""month"": ""2024-03"", ""amount"": 77723.01}, {""month"": ""2024-04"", ""amount"": 81095.08}, {""month"": ""2024-05"", ""amount"": 44515.53}, {""month"": ""2024-06"", ""amount"": 36490.47}, {""month"": ""2024-07"", ""amount"": 68507.95}, {""month"": ""2024-08"", ""amount"": 77768.38}, {""month"": ""2024-09"", ""amount"": 40460.06}, {""month"": ""2024-10"", ""amount"": 66218.34}, {""month"": ""2024-11"", ""amount"": 29090.73}]",High,Budget tracking for Equipment activities
B0049,PROJ007,Suburban Shopping Plaza,Site Preparation,1200000.0,607984.85,592015.15,Within Budget,-49.33,2025-09-19,Site Preparation Contractor Inc.,24,137567.62,"[{""month"": ""2024-01"", ""amount"": 51464.67}, {""month"": ""2024-01"", ""amount"": 88803.7}, {""month"": ""2024-03"", ""amount"": 57364.15}, {""month"": ""2024-03"", ""amount"": 60704.69}, {""month"": ""2024-04"", ""amount"": 86738.57}, {""month"": ""2024-05"", ""amount"": 56994.61}, {""month"": ""2024-06"", ""amount"": 49074.63}, {""month"": ""2024-07"", ""amount"": 40017.56}, {""month"": ""2024-08"", ""amount"": 56359.47}, {""month"": ""2024-09"", ""amount"": 71003.62}, {""month"": ""2024-10"", ""amount"": 86920.07}, {""month"": ""2024-11"", ""amount"": 55926.83}]",Low,Budget tracking for Site Preparation activities
B0050,PROJ007,Suburban Shopping Plaza,Foundation,2250000.0,1174207.36,1075792.64,Within Budget,-47.81,2025-09-19,Foundation Contractor Inc.,8,624742.38,"[{""month"": ""2024-01"", ""amount"": 124053.7}, {""month"": ""2024-01"", ""amount"": 148617.17}, {""month"": ""2024-03"", ""amount"": 125739.25}, {""month"": ""2024-03"", ""amount"": 64868.51}, {""month"": ""2024-04"", ""amount"": 115357.78}, {""month"": ""2024-05"", ""amount"": 128837.4}, {""month"": ""2024-06"", ""amount"": 64556.71}, {""month"": ""2024-07"", ""amount"": 60207.41}, {""month"": ""2024-08"", ""amount"": 59299.61}, {""month"": ""2024-09"", ""amount"": 99418.96}, {""month"": ""2024-10"", ""amount"": 159415.56}, {""month"": ""2024-11"", ""amount"": 117629.02}]",Medium,Budget tracking for Foundation activities
B0051,PROJ007,Suburban Shopping Plaza,Structural Steel,3000000.0,1024570.96,1975429.04,Within Budget,-65.85,2025-09-19,Structural Steel Contractor Inc.,21,333301.26,"[{""month"": ""2024-01"", ""amount"": 102412.67}, {""month"": ""2024-01"", ""amount"": 80234.17}, {""month"": ""2024-03"", ""amount"": 84798.85}, {""month"": ""2024-03"", ""amount"": 70794.54}, {""month"": ""2024-04"", ""amount"": 61022.13}, {""month"": ""2024-05"", ""amount"": 152468.03}, {""month"": ""2024-06"", ""amount"": 65110.51}, {""month"": ""2024-07"", ""amount"": 106969.57}, {""month"": ""2024-08"", ""amount"": 115592.84}, {""month"": ""2024-09"", ""amount"": 60163.86}, {""month"": ""2024-10"", ""amount"": 141628.58}, {""month"": ""2024-11"", ""amount"": 47802.49}]",Medium,Budget tracking for Structural Steel activities
B0052,PROJ007,Suburban Shopping Plaza,Concrete,1800000.0,1474908.82,325091.18,Within Budget,-18.06,2025-09-19,Concrete Contractor Inc.,15,224598.03,"[{""month"": ""2024-01"", ""amount"": 198606.58}, {""month"": ""2024-01"", ""amount"": 125959.4}, {""month"": ""2024-03"", ""amount"": 192995.81}, {""month"": ""2024-03"", ""amount"": 184953.4}, {""month"": ""2024-04"", ""amount"": 129699.94}, {""month"": ""2024-05"", ""amount"": 107441.97}, {""month"": ""2024-06"", ""amount"": 131774.58}, {""month"": ""2024-07"", ""amount"": 120928.18}, {""month"": ""2024-08"", ""amount"": 152873.39}, {""month"": ""2024-09"", ""amount"": 179762.22}, {""month"": ""2024-10"", ""amount"": 119394.85}, {""month"": ""2024-11"", ""amount"": 103522.06}]",Low,Budget tracking for Concrete activities
B0053,PROJ007,Suburban Shopping Plaza,MEP Systems,3750000.0,1187094.89,2562905.11,Within Budget,-68.34,2025-09-19,MEP Systems Contractor Inc.,14,1066073.78,"[{""month"": ""2024-01"", ""amount"": 121236.79}, {""month"": ""2024-01"", ""amount"": 99093.7}, {""month"": ""2024-03"", ""amount"": 114036.74}, {""month"": ""2024-03"", ""amount"": 169009.33}, {""month"": ""2024-04"", ""amount"": 73945.29}, {""month"": ""2024-05"", ""amount"": 142901.51}, {""month"": ""2024-06"", ""amount"": 56337.4}, {""month"": ""2024-07"", ""amount"": 94811.81}, {""month"": ""2024-08"", ""amount"": 57873.25}, {""month"": ""2024-09"", ""amount"": 74537.47}, {""month"": ""2024-10"", ""amount"": 162926.79}, {""month"": ""2024-11"", ""amount"": 60606.3}]",Medium,Budget tracking for MEP Systems activities
B0054,PROJ007,Suburban Shopping Plaza,Interior Finishes,1800000.0,1501285.48,298714.52,Within Budget,-16.6,2025-09-19,Interior Finishes Contractor Inc.,16,488184.35,"[{""month"": ""2024-01"", ""amount"": 142477.84}, {""month"": ""2024-01"", ""amount"": 80493.01}, {""month"": ""2024-03"", ""amount"": 155511.68}, {""month"": ""2024-03"", ""amount"": 210157.77}, {""month"": ""2024-04"", ""amount"": 166867.56}, {""month"": ""2024-05"", ""amount"": 117513.98}, {""month"": ""2024-06"", ""amount"": 110969.09}, {""month"": ""2024-07"", ""amount"": 189879.68}, {""month"": ""2024-08"", ""amount"": 182892.46}, {""month"": ""2024-09"", ""amount"": 182132.04}, {""month"": ""2024-10"", ""amount"": 113069.53}, {""month"": ""2024-11"", ""amount"": 162605.96}]",Medium,Budget tracking for Interior Finishes activities
B0055,PROJ007,Suburban Shopping Plaza,Exterior Finishes,750000.0,594991.3,155008.7,Within Budget,-20.67,2025-09-19,Exterior Finishes Contractor Inc.,24,93524.43,"[{""month"": ""2024-01"", ""amount"": 58677.56}, {""month"": ""2024-01"", ""amount"": 65998.76}, {""month"": ""2024-03"", ""amount"": 48972.13}, {""month"": ""2024-03"", ""amount"": 64200.54}, {""month"": ""2024-04"", ""amount"": 37050.96}, {""month"": ""2024-05"", ""amount"": 74795.26}, {""month"": ""2024-06"", ""amount"": 69504.11}, {""month"": ""2024-07"", ""amount"": 37684.41}, {""month"": ""2024-08"", ""amount"": 58079.05}, {""month"": ""2024-09"", ""amount"": 88244.64}, {""month"": ""2024-10"", ""amount"": 66817.24}, {""month"": ""2024-11"", ""amount"": 26653.8}]",Low,Budget tracking for Exterior Finishes activities
B0056,PROJ007,Suburban Shopping Plaza,Equipment,450000.0,193048.28,256951.72,Within Budget,-57.1,2025-09-19,Equipment Contractor Inc.,9,103219.26,"[{""month"": ""2024-01"", ""amount"": 27648.31}, {""month"": ""2024-01"", ""amount"": 20492.59}, {""month"": ""2024-03"", ""amount"": 17182.24}, {""month"": ""2024-03"", ""amount"": 12262.33}, {""month"": ""2024-04"", ""amount"": 10946.12}, {""month"": ""2024-05"", ""amount"": 28143.29}, {""month"": ""2024-06"", ""amount"": 12039.59}, {""month"": ""2024-07"", ""amount"": 22643.59}, {""month"": ""2024-08"", ""amount"": 25945.68}, {""month"": ""2024-09"", ""amount"": 25130.58}, {""month"": ""2024-10"", ""amount"": 12925.73}, {""month"": ""2024-11"", ""amount"": 25857.34}]",Low,Budget tracking for Equipment activities
